Video ID,Title,Views,Likes,Dislikes,Comments,Publish Date,Tags,Category ID
fuV4yQWdn_4,squabble up,8015314,623071,,40446,2024-11-25T18:07:36Z,[],22
jt2KK2tqQyg,Stephen Nedoroscik‚Äôs Finale Freestyle ‚Äì Dancing with the Stars,385520,8407,,559,2024-11-27T07:00:21Z,"['Disney+', 'Disney Plus', 'Disney', 'streaming', 'Dancing With The Stars', '#DWTS', 'Alfonso Ribeiro', 'Julianne Hough', 'ABC', 'ABC Network', 'Hulu', 'Derek Hough', 'Carrie Ann Inaba', 'Bruno Tonioli']",24
Ed1sGgHUo88,Squid Game: Season 2 | Official Trailer | Netflix,4206071,140769,,4858,2024-11-26T23:00:03Z,"['2024', '456', 'Childhood Games', 'Choi Seung-hyun', 'Dec 26', 'Doll', 'Fandom', 'Front Man', 'Gi-hun', 'Global Phenomenon', 'Jo Yu-ri', 'KContent', 'Kang Ae-sim', 'Kang Ha-neul', 'Lee Byung-hun', 'Lee David', 'Lee Jin-uk', 'Lee Jung-jae', 'Netflix', 'News', 'Official Trailer', 'Park Sung-hoon', 'Pink Soldiers', 'Roh Jae-won', 'Season 2', 'Series', 'Squid Game', 'Squid Game 2', 'Teaser', 'Wi Ha-jun', 'Yang Dong-geun', 'Yim Si-wan', 'Young-hee']",24
5x9aX1pG_3c,The Worst Pok√©mon Games (and why),334022,22247,,3855,2024-11-27T13:15:01Z,"['New Pokemon games', 'New Pokemon', 'Top Pokemon', 'Pokemon Talk', 'MandJTV', 'MandJTV Pokevids', 'gaming', 'video games', 'nintendo switch', 'nintendo', 'pokemon', 'new games', 'family friendly', 'top 10', 'top 5', 'charizard', 'greninja', 'pikachu', 'best pokemon', 'all pokemon', 'original pokemon', 'retro games', 'retro pokemon games', 'nintendo pokemon', 'pokemon legends arceus', 'pokemon scarlet and violet', 'gen 9', 'pokemon legends z-a', 'legends z-a', 'bdsp', 'brilliant diamond', 'shining pearl']",20
PqDuAr2W2Dc,Kelly Clarkson's Son Remy Surprises Audience With Frank Sinatra Cover!,398634,4759,,323,2024-11-27T10:00:31Z,"['Kelly Clarkson', 'the kelly clarkson show', 'nbc', 'talk show', 'american idol', 'the voice', 'nbc tv', 'interview', 'celebrities', 'celebrity interview', 'celebrity news', 'kellyoke', 'kelly clarkson', 'the kelly clarkson show interviews', 'kelly clarkson cover', 'kelly clarkson talk show', 'kelly clarkson show moments', 'kelly clarkson show collection', 'kelly clarkson falls', 'kelly clarkson album', 'kelly clarkson moments', 'kelly clarkson interviews', 'kelly clarkson and anne hathaway']",22
VcP_1Ua__vY,Kodak Black -  Versatile 4 [Official Video],185700,17301,,2135,2024-11-27T16:59:16Z,"['kodak', 'black', 'kodak black', 'atlantic records', 'roll in peace', 'codeine dreaming', 'tunnel vision', 'drowning', 'transportin', 'heart break kodak', 'project baby 2', 'Kodak Black Bill Israel', 'Bill Israel', 'Sniper', 'Sniper Gang', 'Hip Hop', 'Rap', 'Kodak Black I Knew It', 'Kodak Bill Israel', 'Kodak Black Easter in Miami', 'Easter', 'Easter in Miami', 'Kodak Easter', 'Kodak Black Haitian Boy Kodak', 'Haitian Boy Kodak', 'Kodak Black HBK', 'HBK', 'Kodak Black Happy Birthday Kodak', 'Happy Birthday Kodak']",10
SO89EX1Os-8,Watching ONLY the FIRST and LAST Episode of *Gilmore Girls*,293983,26976,,2438,2024-11-27T16:00:22Z,[],24
jrC_69SRvU0,Kendrick Lamar - GNX ALBUM REVIEW,1301225,72805,,6415,2024-11-26T16:56:30Z,"['album', 'review', 'music', 'reviews', 'indie', 'new', 'lyrics', 'listen', 'track', 'concert', 'live', 'update', 'the needle drop', 'anthony fantano', 'vlog', 'talk', 'discussion', 'music nerd', 'song']",10
Vh0ZXRj_tkw,Upgrading NOOB to GOD Whitebeard in Blox fruits,285861,8115,,947,2024-11-27T16:19:33Z,"['blox fruits', 'roblox blox fruits', 'blox fruit', 'blox fruits noob to pro', 'blox fruits update', 'blox fruits codes', 'blox fruits roblox', 'blox fruits best fruit', 'blox fruits tier list', 'blox fruits race v4', 'blox fruits live', 'blox fruits race', 'noob to pro blox fruits', 'beating blox fruits as zoro', 'roblox blox fruit', 'starting over as zoro blox fruits', 'blox fruits quake awakening', 'blox fruits starting over as katakuri', 'blox fruits whitebeard', 'blox fruits update 17 part 3']",20
e6zSlQHm-q0,Citadelle des Morts Cinematic | Call of Duty: Black Ops 6 Zombies,670399,33900,,2269,2024-11-26T16:00:27Z,"['call of duty', 'cod', 'activision', 'Citadelle des Morts', 'black ops 6', 'cod black ops 6', 'call of duty black ops 6', 'zombies', 'black ops 6 zombies', 'black ops 6 zombies maps', 'Citadelle des Morts Cinematic']",20
ncBH5aF2Ce8,"I saved $100,000 on my Dream BMW - E46 M3 Pt 1",319287,26322,,1717,2024-11-27T16:00:42Z,"['Donut', 'Donut Media', 'DONUT', 'James Pumphrey', 'Zach Jobe', 'Jeremiah Burton', 'Speeed', 'cars', 'automotive', 'DIY', 'working on cars', 'RB', 'Big time', 'BIGTIME', 'Big', 'Time', 'Garage build', 'Garage', 'Money Pit', 'Money', 'Pit', 'Bigtime', 'Donutmedia', 'home garage', 'Car Builds', 'bmw', 'e46 me', 'bmw m3', 'bmw e46 m3 csl', 'm3 csl', 'bmw build', 'ecs tuning', 'ecs m3', 'turner m3', 'turner motorsports', 'm3 rod bearings', 'rod bearings', 'bmw maintenance', 'e46 mods', 'mods']",2
ytrtFsXRXGY,Watching a Rocket Launch at SpaceX with Elon Musk!,2372325,98941,,6853,2024-11-26T18:03:29Z,"['Watching a Rocket Launch at SpaceX with Elon Musk!', 'kai trump', 'donald trump', 'eric trump', 'donald trump jr', 'barron trump', 'trump', 'election day vlog', 'vlogs', 'kai trump vlogs', 'elon musk', 'Kai Trump Election Night Vlog', 'a regular day in the life of kai trump', 'day in the life', 'election night', '2024 election', 'presidential election', 'mara lago', 'spacex flight test 6', 'starship', 'spacex startship flight', 'rocket launch', 'elon musk and donald trump']",22
1v59Osj9usk,Can I Beat Grant Horvat If He Starts 5 Under Par? (Part 2),539168,50486,,6842,2024-11-26T16:59:37Z,"['Masters', 'Phil Mickelson', 'LIV', 'LIV Golf']",17
-5jIueKioAI,Family Island: ùêñùê¢ùê•ùêù ùêÅùê•ùêöùêúùê§ ùêÖùê´ùê¢ùêùùêöùê≤ ùêíùêÆùê´ùê©ùê´ùê¢ùê¨ùêûùê¨! üñ§üñ§üñ§,80552,3370,,2001,2024-11-27T15:00:00Z,"['family island game', 'family island gameplay', 'family island farm game', 'how to play family island', 'island game', 'family island', 'family island tips', 'farm games', 'island family', 'games for android', 'games for ios', 'mobile games', 'family island treasure island', 'islander', 'treasure island', 'gameplay walkthrough', 'new mobile games', 'game mobile', 'tips and tricks', 'funny game', 'adventure game', 'family game', 'walkthrough', 'Pink Bag']",20
d7UtVAQ2bJA,"I Tested 100 ""Free Robux"" Games",316528,12650,,2136,2024-11-27T03:55:31Z,"['roblox laughability', 'roblox', 'laughability', 'laugh ability', 'laugh ability roblox', 'laughability youtube', 'roblox youtube', 'roblox challenge', 'laughability challenge', 'free robux', 'how to make robux', 'make robux on roblox', 'free robux games', 'free robux games 2024', 'challenge', '100 games', 'gaming', 'free robux glitch', 'robux glitch 2024', 'robux site', 'robux stream', 'donation games', 'robux methods']",20
TwWk0dgo5A4,I turned FORTNITE into LEGO...,895276,19926,,2606,2024-11-26T17:48:56Z,"['lego', 'legos', 'lego set', 'lego fortnite', 'fortnite', 'fortnite lego', 'lego movie', 'lego city', 'lego minifigure', 'lego builder', 'lego meme']",24
22ek6PcMSXM,Ilona Maher‚Äôs Finale Freestyle ‚Äì Dancing with the Stars,249658,3778,,165,2024-11-27T07:00:00Z,"['Disney+', 'Disney Plus', 'Disney', 'streaming', 'Dancing With The Stars', '#DWTS', 'Alfonso Ribeiro', 'Julianne Hough', 'ABC', 'ABC Network', 'Hulu', 'Derek Hough', 'Carrie Ann Inaba', 'Bruno Tonioli']",24
ne2IaBPxGUE,Kevin Gates - Be Somebody (Official Music Video),511997,33995,,2494,2024-11-26T08:00:40Z,"['kevin gates', 'kevin', 'gates', 'atlantic', 'atlantic records', 'how we livin', '2 phones', 'by any means 2', 'BWA', 'BreadWinnersAssociation', 'OfficialBWA', 'Kevin Gates Only The Generals Gon Understand II', 'Only The Generals Gon Understand II', 'Kevin Gates mixtape', 'Kevin Gates Only The Generals Gon Understand II mixtape', 'Only The Generals Gon Understand II mixtape', 'Only The Generals Gon Understand', 'Only The Generals Gone Understand', 'Kevin Gates Puerto Rico', 'Puerto Rico', 'Kevin Gates Puerto Rican']",10
c45OqB1SVv0,Kalogeras Sisters HEAR ME OUT CAKE!,2260149,85966,,7076,2024-11-25T22:00:31Z,[],24
2HVdUoqU-ts,Man. City vs. Feyenoord: Extended Highlights | UCL League Phase MD 5 | CBS Sports Golazo,793686,10102,,1635,2024-11-26T22:38:56Z,"['Champions League', 'Europa League', 'Soccer', 'UEFA', 'UCL', 'European Soccer', 'European Football', 'European Futbol', 'UEL', 'UCL Highlights', 'Champions League Highlights', 'Football', 'CBS Golazo', 'CBS', 'Micah Richards', 'Jamie Carragher', 'Thierry Henry', 'CBS Studio']",17
Bw8ZdQpVtdU,Dexter: Original Sin | Official Trailer | Paramount+ With SHOWTIME,1366906,14128,,1423,2024-11-26T22:37:17Z,"['Dexter episodes', 'Dexter full episodes', 'serial killer', 'serial killer show', 'Dexter showtime', 'Dexter: Original Sin', 'michael c. hall', 'debra morgan', 'Dexter Deb', 'Dexter premiere', 'murder mystery', 'thriller', 'Dexter tv show', 'best of Dexter', 'Dexter highlights', 'Dexter clips', 'Dexter dark passenger', 'Miami homicide', 'Kurt Caldwell Dexter: New Blood', 'Dexter New York', 'Dexter: New Blood Harrison Morgan', ""Dexter's son"", 'Harrison Morgan Dexter', 'dexter new blood full episode', 'dexter: new blood']",22
m5fMyIImwEY,Lilo & Stitch | Official Teaser,1716791,32529,,3,2024-11-25T17:00:07Z,"['Disney Disney Videos Disney YouTube The Walt Disney Company Disney Top 10', 'Tsum Tsum', 'Animated Shorts']",24
LH1J1EbqCaI,"Sonic the Hedgehog 3 | Official Trailer 2 (2024 Movie) Ben Schwartz, Jim Carrey, Keanu Reeves",7569243,211771,,0,2024-11-25T14:00:03Z,[],1
TM_OsuJduwI,Blaster Master - Angry Video Game Nerd (AVGN),626208,45736,,4237,2024-11-26T17:19:56Z,"['james rolfe', 'cinemassacre']",20
nki9ZTF9Uls,Hunxho - Ball Forever [Official Video],181620,12418,,415,2024-11-26T18:09:42Z,"['hunxho', 'official', 'visualizer', 'hunxho official', 'new music hunxho', 'HUNXHO', 'new music hunxho thug baby', 'hunxho album', 'hunxho new album', 'wya hunxho', 'wya hunxho lil dallas', 'hunxho new music', 'Help Myself Hunxho', 'for her album', 'for her', 'honcho', 'huncho', 'Hunxho - Ball Forever [Official Video]', 'hunxho ball forever', 'ball forever hunxho', 'ball forever huncho', 'huncho ball forever', 'ball forever', 'ball', 'forever', 'hunxho new release', 'ball forever hunxho official video']",10
TUWDd3IDLi4,China: No One Will Win A Trade War After Trump Tariff Announcement | Forbes Topline,242910,2286,,2184,2024-11-26T21:25:52Z,"['Forbes', 'Forbes Media', 'Forbes Magazine', 'Forbes Digital', 'Business', 'Finance', 'Entrepreneurship', 'Technology', 'Investing', 'Personal Finance']",25
AvEp3cKmSQQ,Post Malone's Murder Circus Teaser Trailer | #HuntPartner | Hunt: Showdown 1896,71483,3271,,889,2024-11-27T15:00:19Z,"['huntshowdown', 'hunt', 'showdown', 'crytek', 'cryengine', 'gaming', 'the hunt', 'postmalone', 'trailer', 'teaser', 'huntshowdownpostmalone', 'Hunt: Showdown Post Malone', 'Video Game', 'Hunt: Showdown 1896', ""Post Malone's Murder Circus"", 'Post Malone Event']",20
r74MZyknkD0,Daz Watches Candys Cooking 2,699588,45606,,5445,2024-11-26T18:00:25Z,"['Daz', 'games', 'daz', 'watches', 'daz black', 'HORROR', 'SCARY', 'LAUGH', 'COMEDY', 'DAZ GAMES', 'humor', 'daz watches', 'amazing']",24
J62FYosjFIs,"these games wanted to sponsor me, i said no and reviewed them anyway",1015340,39395,,1321,2024-11-26T23:01:41Z,"['ludwig', 'ludwigahgren', 'ahgren', 'gaming', 'chat', 'stream', 'decides', 'lud']",20
szwExMvoSz8,How US Thanksgiving Wasn't What I Expected,174524,14783,,1679,2024-11-27T01:59:42Z,"['Laurence Brown', 'America', 'Thanksgiving']",23
_ikDX9ICJEM,Why It Sucks to Be Born as a Horse,500946,27458,,2046,2024-11-27T00:47:46Z,"['Horse', 'animals', 'Dinzo']",15
g1UJg4WhDl0,Dad Reacts to Kendrick Lamar - GNX,236572,13407,,849,2024-11-26T21:42:35Z,"['GNX album review', 'father and son reaction', 'GNX review with dad', 'Kendrick Lamar music review', 'dad reacts to Kendrick Lamar', 'GNX album first listen', 'Kendrick Lamar reaction', 'new Kendrick Lamar music', 'GNX first impression', 'Kendrick Lamar 2024 album', 'Kendrick Lamar reaction with dad', 'GNX album reaction', 'Kendrick Lamar new album', 'Kendrick Lamar GNX reaction', 'Kendrick Lamar GNX SZA feature', 'GNX album reaction SZA feature', 'squabble up Kendrick Lamar', 'Kendrick Dad Reacts', 'Dad Reacts']",22
CULKDBFD52c,ÏßÑ ÏóîÎî©ÏùÄ HAPPY ÏóîÎî©üíú,817979,143524,,5472,2024-11-27T12:00:01Z,"['Î∞©ÌÉÑÏÜåÎÖÑÎã®', 'BTS', 'BANGTAN', 'ÏïåÏó†', 'RM', 'ÏäàÍ∞Ä', 'SUGA', 'Ï†úÏù¥Ìôâ', 'jhope', 'ÏßÄÎØº', 'Ï†ïÍµ≠', 'k-pop', 'Î∞©ÌÉÑ', 'j-hope', 'Jung Kook', 'Jimin', 'BTS V', 'Jin']",10
qlcHIjNtAzM,Thanksgiving Special: Chicken falls in love!,533372,13935,,384,2024-11-26T15:00:57Z,"['Hay Day', 'HayDay', 'Supercell', 'Suprcell', 'Farming', 'Farm life', 'mobile', 'tablet', 'mobile game', 'game', 'yt:cc=on', 'ios', 'android', 'amazon', 'series', 'farmer', 'pig', 'horse', 'cow', 'sheep', 'goat', 'puppy', 'dog', 'kitten', 'cat', 'fishing', 'sanctuary', 'elephant', 'zebra', 'giraffe', 'hippo']",20
UkX6xJQnMm8,Drake Escalates Rap Beef By Accusing UMG Of Unfairly Promoting Kendrick Lamar's 'Not Like Us',141075,3340,,1452,2024-11-26T16:59:13Z,"['hot97', 'hip hop', 'New York', 'NY', 'US', 'United States', 'HOT97.com', '#hot97']",24
u67l_2pQ640,xxxxx,148225,7138,,1278,2024-11-27T04:15:06Z,[],20
bt8BwJs2JWI,Can I remake those SH*TTY mobile games in 1 HOUR?,1449831,89293,,2579,2024-11-26T01:33:50Z,"['artificial', 'intelligence', 'coding', 'processing', 'java', 'machine', 'learning', 'genetic', 'algorithm', 'evolution', 'computer', 'science', 'programming', 'comedy', 'educational']",27
Zm29ngg2IKo,Grandma is secretly a serial killer and cannibal?? The shocking crimes of the Granny Ripper,679356,36123,,8860,2024-11-25T20:00:16Z,"['Bailey sarian', 'youtube bailey sarian', 'bailey sarian youtube', 'bailey', 'mystery makeup monday', 'monday mystery makeup', 'mystery makeup', 'mystery makeup mondays', 'new makeup tutorial', 'makeup and story time', 'story time and makeup', 'story time', 'grwm', 'grwm and makeup', 'get ready with me and makeup', 'makeup grwm', 'flawless foundation', 'mystery monday', 'mystery', 'monday story time', 'dark history', 'history story', 'hilarious', 'true crime story', 'true crime', 'tiktok', 'tattoo tour', 'tattoos', '90s makeup', 'grunge']",24
B9RDf-1yT8A,"Cleetus McFarland's ""Mullet"" is HERE! What's the Plan?",311448,24729,,2610,2024-11-26T19:30:04Z,"['ProMod', 'RVW', 'Pro275', 'Drag Car', 'Chassis Builder', 'Race Car Builder', 'Race Cars', 'Drag Cars', 'Drag Racing', 'Chassis Shop', 'N/T', 'N/T Racing', 'No Prep Racing', 'No Prep', 'NPK', 'Street Outlaws', 'Murder Nova', 'Daddy Dave', 'CJRC', 'CJ Race Cars', 'CJ Racecars', 'Bradenton Motorsports Park', 'Orlando Speedway', 'South Georgia Motorsports Park']",2
HAMmbft41Uc,THE VIKTOR REWORK IS HERE AND IT'S THE BEST OF ALL-TIME! (BRAND NEW ULTIMATE),296408,7917,,549,2024-11-26T22:18:23Z,[],20
eHRsEZjdCjI,The Chosen: Last Supper Teaser (Season 5),906910,56362,,5095,2024-11-25T15:00:06Z,"['the chosen', 'the chosen tv series', 'bingeJesus', 'GetUsedtoDifferent', 'Faith-based', 'Bible show', 'Christianity', 'Jesus show', 'what to watch', 'tv show', 'bible series', 'new testament', 'new testament series', 'chosen official trailer', 'chosen teaser', '12 apostles', 'last supper', 'cleansing the temple', 'betrayal of jesus', 'judas', 'judas iscariot', 'official trailer', 'official teaser', 'jesus christ', 'holy week', 'triumphal entry', 'the chosen season 5', 'the chosen last supper', 'season 5 trailer', 'season 5 teaser']",24
83chO9NuWAg,Total War: WARHAMMER III - Omens of Destruction Announce Trailer,344795,19905,,1739,2024-11-26T14:59:00Z,"['Total War', 'warhammer', 'total war warhammer', 'rome total war', 'warhammer 2 total war', 'total war rome 2', 'medieval total war', 'medieval total war 2', 'three kingdoms total war', 'total war gameplay', 'shogun 2 total war', 'total war saga', 'total war warhammer gameplay', '3 kingdoms', 'new', 'gameplay', 'trailer', 'warhammer 3', 'total war warhammer 3', 'Total War PHARAOH', 'pharaoh', 'total war deep dive', 'deep dive', 'gameplay showcase', 'total war gameplay showcase']",20
7SK-lbMFqYI,Sounds From The Sideline: #DALvsWAS | Dallas Cowboys 2024,57853,2195,,283,2024-11-27T00:42:24Z,"['dallas cowboys', 'sounds from the sideline dallas cowboys', 'cowboys', 'micah parsons', 'cowboys sounds from the sideline', 'micah parsons highlights', 'trevon diggs', 'ceedee lamb', ""dallas cowboys mic'd up"", 'sounds of the sideline cowboys', 'cowboys sound', 'cowboys break', 'talkin cowboys', 'dallas cowboys highlights', 'hangin with the boys', 'dallas vs. philadelphia', 'cowboys eagles', 'cowboys nation', 'go cowboys', 'how bout them cowboys', 'somos cowboys', 'mick shots', 'players lounge', 'dak', 'CeeDee', 'DaRon Bland']",17
9SsSl3qoOSw,Jorsshh x Fuerza Regida - ROSONES (VIDEO OFICIAL),741197,33796,,2122,2024-11-26T00:03:09Z,"['fuerza regida', 'jop', 'music video', 'NEL', 'fuerza regida nel', 'pero nel', 'video oficial', 'Jesus Ortiz paz', 'secreto victoria', 'PERO NO TE ENAMORES', 'pero no te enamores tour', 'fuerza regida pero no te enamores', 'die with a smile', 'I can do it with a broken heart', 'not like us', 'si no quieres no', 'Luis r conriquez', 'peso pluma', 'la patrulla', 'gata only', 'tito doble p', 'incomodo', 'ROSONES', 'JORSSHH', 'DOLCEGABANA']",10
cmCfG7nkbpo,"Best Rug Art Wins $1,000!",10112248,163794,,15518,2024-11-24T22:11:15Z,"['Ben Azelart', 'Stay Wild', 'Stay Wild Vlogs', 'Cam Huff', 'Stay Wild Reacts', 'Stay Wild Gaming']",24
QZuIRF0wrhs,Testing Roblox's Most TERRIFYING Myths..,686703,19083,,1085,2024-11-25T18:51:39Z,"['caylusblox', 'caylus roblox', 'caylus', 'caylus gaming', 'caylus infinite', 'infinite lists', 'calus', 'callus', 'calis', 'roblox', ""Testing Roblox's Most TERRIFYING Myths.."", 'caylus myths', 'testing myths', 'caylus testing myths', 'testing roblox myths', 'testing scary myths', 'testing robloxs scariest myths']",20
DlMLfxxvKD8,The Online Gambling Epidemic,2912064,188538,,12858,2024-11-24T20:39:52Z,"['drew gooden', 'comedy', 'commentary', 'reaction', 'vine', 'drew gooden vine', 'road work ahead guy', 'parody', 'rant', 'cringe', 'xqc', 'adin ross', 'kick', 'gambling streams', 'twitch', 'togi']",23
jUDOYB7wdKo,Nick Eh 30 VS 100 Nick Eh 30's!,725513,19653,,739,2024-11-25T22:00:27Z,[],20
UQcrccAjMBg,"DRAKE WENT TO THE FEDS ON KENDRICK! |  HE SUES UMG AND SPOTIFY OVER ""NOT LIKE US"" !",535778,24892,,7383,2024-11-26T04:28:07Z,"['Nolifeshaq reactions', 'hip hop reactions', 'music', 'drake sues umg', 'drake sues label', 'drake sues spotify', 'drake sues universal', 'drake sues record label', 'drake sues umg akademiks', 'kendrick lamar not like us', 'kendrick lamar squabble up', 'kendrick lamar new album', 'kendrick lamar tv off', 'kendrick lamar reincarnated', 'kendrick lamar gnx', 'kendrick lamar']",24
azXYPL7aq_k,I Built a SECRET Soccer Field in My Room,3936132,56556,,33932,2024-11-24T17:07:17Z,"['The Royalty Family', 'Royalty Family', 'Andrea Espada', 'Family Friendly', 'Royalty', 'Royal Family', 'The Royal Family', 'Royalty Fam', 'The Royalty Fam', 'Realty Family', 'Roti Family', 'Family Vlog', 'royalty family', 'royalty', 'royal', 'royalty fam', 'Ali andrea', 'Andrea ali', 'royalty gaming', 'royalty baby', 'challenge', 'Jordan matter', 'Rebecca zamolo', '24 hours', 'we survived', 'survived', 'our sons big accident', 'I built', 'built', 'I built a secret soccer field in my room', 'soccer field', 'secret', 'in my room']",22
_orF3gNxqLA,Fortnite's *FREE* JUICE WRLD SKIN NOW AVAILABLE! (How to Unlock),439157,4679,,1472,2024-11-25T14:58:37Z,"['fortnite', 'fortnite item shop', 'fortnite juice wrld', 'fortnite how to unlock juice wrld', 'fortnite juice wrld skin', 'fortnite new update', 'fortnite news', 'fortnite update', 'fortnite juice wrld skin free', 'fortnite juice wrld event', 'fortnite free skin', 'juice wrld', 'fortnite travis scott', 'fortnite how to', 'juice', 'wrld', 'oShven']",20
YMREv2DOvwA,When VAN HELSING put DRACULA in a coffin after becoming a WEREWOLF,217134,15473,,749,2024-11-25T22:09:56Z,"['van helsing', 'van helsing dracula', 'van helsing vs dracula', 'van helsing clip', 'van helsing scene', 'van helsing hugh jackman', 'van helsing frankenstein', 'dracula', 'dracula vs van helsing', 'van helsing igor', 'van helsing dracula death', 'van helsing dracula scene', 'van helsing werewolf', 'van helsing fight', 'van helsing dracula vs werewolf', 'van helsing 2004', 'van helsing werewolf vs dracula', 'van helsing final battle', 'van helsing final battle with dracula', 'werewolf vs van helsing', 'werewolf']",17
43wNvGZAIWU,HUGE STITCH CHRISTMAS HAUL!! | Louie‚Äôs Life,162213,11457,,659,2024-11-25T21:15:22Z,"['christmas', 'Christmas haul', 'christmas decor', 'decor', 'decorations', 'christmas decorations', 'haul', 'huge haul', 'christmas huge haul', 'shopping', 'christmas shopping', 'stitch', 'stitchmas', 'christmas stitch', 'stitch decor', 'stitch finds', 'disney', 'disneyland', 'disney finds', 'louie', 'louie castro', 'Louies life', 'louie decor', 'louie christmas decor', 'louie decorating', 'louie and parents']",24
0VW3HQmjntw,How To Get juice wrld Skin in fortnite Now (Free Slayer juice wrld skin),371049,3546,,531,2024-11-25T14:18:52Z,['when is juice wrld coming to fortnite'],20
FQ7to17KRPA,How to Get JUICE WRLD SKIN in Fortnite (NOW),587344,5697,,634,2024-11-25T19:10:54Z,"['How to Get the JUICE WRLD SKIN in Fortnite', 'How to Get JUICE WRLD SKIN in Fortnite', 'fortnite', 'fortnite juice wrld', 'juice wrld fortnite', 'fortnite juice wrld skin', 'juice wrld skin', 'juice wrld skin fortnite', 'how to get juice wrld', 'how to get juice wrld in fortnite', 'how to get juice wrld skin in fortnite', 'how to get juice wrld skin for free in fortnite', 'juice wrld free skin', 'juice wrld concert', 'juice wrld event', 'juice wrld exotic', 'fortnite update', 'new', 'how to unlock juice wrld']",20
aGXQR_dll1U,IMPOSSIBLE Minecraft - Episode 1,1000434,90294,,3321,2024-11-26T17:00:01Z,"['Minecraft', 'Grian', 'grian', 'mincraft', 'tutorial', 'yt:quality=high', 'minecraft', 'ideas', 'build', 'impossible minecraft']",20
INQlQYEjpQo,Kendrick Lamar's New Album Changes Everything....,1076796,38688,,3851,2024-11-25T03:55:53Z,"['louaista', 'documentaries', 'hip hop', 'kendrick lamar', 'gnx album', 'kendrick gnx', 'wacced out murals', 'kendrick lamar mural', 'kendrick lamar new album', 'kendrick lamar drake diss', 'drake diss', 'drake', 'ovo', 'not like us', 'kendrick lamar diss track', 'kdot', 'dody6', 'roddy ricch']",10
hLrM3VqNruc,Happy 5 Years! Recording the Helluva Boss Pilot,704577,93356,,3889,2024-11-25T18:00:33Z,"['Vivziepop', 'Zoophobia']",1
G05856RuL0I,Baltimore Ravens vs. Los Angeles Chargers Game Highlights | NFL 2024 Season Week 12,1732834,21666,,1775,2024-11-26T04:36:21Z,[],17
Aja2KfuoqGA,Jake Paul vs. Mike Tyson FIGHT HIGHLIGHTS ü•ä | ESPN Ringside,34124128,265141,,54739,2024-11-16T05:56:22Z,"['mike tyson', 'mike tyson highlights', 'jake paul highlights', 'mike tyson jake paul', 'jake paul mike tyson', 'mike tyson espn', 'mike tyson espn ringside', 'mike tyson vs jake paul highlights', 'jake paul vs mike tyson highlights', 'espn ringside', 'mike tyson boxing', 'jake paul boxing', 'boxing jake paul', 'boxing mike tyson', 'iron mike tyson', 'mike tyson loss vs jake paul', 'jake paul beats mike tyson', 'espn ringside jake paul']",17
lPpI57crWBk,Top 10 Costco Black Friday Deals 2024,1845912,56362,,988,2024-11-24T19:00:59Z,"['the deal guy', 'costco', 'costco store', 'costco shopping', 'costco shop with me', 'costco shopping secrets', 'costco canada', 'costco deals', 'costco 2024', '2024 costco', 'what to buy at costco', '10 things you should buy at costco', 'best things costco', 'costco shopping 2024', 'new at costco', 'costco black friday 2024', 'costco black friday', 'black friday costco', 'black friday costco 2024', 'black friday deals 2024', 'black friday deals 2024 costco', 'black friday', 'black friday 2024', '2024 black friday']",28
gBYkA__THmk,"Drake Files Unprecedented Petition Against UMG Over ""Not Like Us""",93858,6050,,2384,2024-11-26T00:40:13Z,"['Hip Hop', 'Rap', 'Justin Hunte', 'News', 'Music Business', 'The Company Man', 'HipHopDX', 'Rap Beef', 'All Out Show', 'Rude Jude', 'Fun', 'Rhymes', 'Entertainment', 'History', 'Breakdown', 'Break Down', 'Conversations', 'Discussion', 'Podcast', 'Think Piece', 'SiriusXM', 'Shade45', 'reactions to songs', 'reactions', 'company man', 'thecompanyman', 'the company man podcast', 'the company man reaction', 'justin hunte reaction', 'justin hunte the company man', 'hip hop reaction', 'Drake', 'Not Like Us', 'UMG', 'Kendrick Lamar']",24
IC32zBGdJok,Why The US is Struggling to Return to the Moon,633626,19462,,3745,2024-11-25T18:00:14Z,"['engineering', 'science', 'technology', 'education', 'history', 'real']",28
0SerEuqAlAA,I built a MODERN apple iPod...,422249,20704,,1375,2024-11-25T17:00:01Z,"['diy', 'woodworking', 'building', 'build', 'diyproject', 'construction', 'woodcraft', 'craft', 'builds', 'ipod classic usb c mod', 'ipod classic 5.5', 'ipod classic 5th generation', 'ipod classic battery replacement', 'ipod classic 2024', 'ipod classic rockbox', 'custom ipod classic', 'ipod classic', 'custom ipod', 'custom ipod classic bluetooth', 'custom ipod spotify', 'custom ipod software', 'ipod classic bluetooth mod', 'ipod classic mod', 'ipod upgrade', 'ipod bluetooth', 'ipod battery', 'ipod sd card', 'ipod memory', 'ipod storage']",26
QxyLJ8Ao93I,Testing Crazy Catnip Products!,348908,10099,,1271,2024-11-25T17:00:23Z,[],22
CuDccPQMXlE,Leno Drives Legendary 1969 Camaro Z28 Rally Sport with an Incredible Backstory! | Jay Leno's Garage,235251,8249,,1042,2024-11-25T17:00:07Z,"['Jay Leno‚Äôs Garage', '1969 Camaro Z28', 'Camaro Rally Sport', 'classic cars', 'muscle cars', 'vintage cars', 'car restoration', 'Barrett-Jackson auction', 'Glenn Stearns Camaro', 'Chevrolet Camaro Z28', 'pony cars', 'American muscle cars', 'first-generation Camaro', 'Camaro history', 'Jay Leno drives Camaro', 'iconic cars', 'car enthusiasts', 'automotive stories', 'legendary cars']",2
3zx1PwFXFdQ,"Season 1 Reveal, Gameplay Preview & Ranked Resets | Dev Update - League of Legends",933104,38199,,3260,2024-11-25T16:00:03Z,"['Riot Games', 'Riot', 'League of Legends', 'League', 'LoL', 'MOBA', 'Dev update', 'league of legends', 'Season One 2025', 'Atakhan', 'Ranked resets']",20
d3mqW9wqqx0,izna 'IZNA' MV,18418223,230799,,20008,2024-11-25T09:00:07Z,"['izna', 'Ïù¥Ï¶àÎÇò', 'WAKEONE', 'Ïõ®Ïù¥ÌÅ¨Ïõê', 'Í±∏Í∑∏Î£π', 'ÏïÑÏù¥Îèå', 'IDOL', 'Kpop', 'ÏºÄÏù¥Ìåù', 'I LAND', 'ÏïÑÏù¥ÎûúÎìú']",22
3C1n5lqGdmY,KISSIK Lyrical Video | Pushpa 2 The Rule | Allu Arjun | Sukumar | Sreeleela | DSP,33961077,554286,,26010,2024-11-24T14:33:09Z,"['Telugu songs new', 'Tollywood songs 2024', 'Telugu movies 2024', 'tseries', 'KISSIK Lyrical Video', 'KISSIK Lyrical Video allu arjun', 'KISSIK Lyrical Video sreeleela', 'KISSIK Video sreeleela and allu arjun', 'allu arjun and sreeleela', 'kissik Video pushpa 2', 'pushpa 2 the rule', 'pushpa 2 the rule kissik Video', 'kissik Lyrical Video pushpa 2 the rule', 'kissik Video allu arjun', 'allu arjun New Song', 'sreeleela New Song', 'sreeleela Dance Song', 'Pushpa 2 the Rule New Song', 'kissing song video new']",10
jBTxWse2T08,"FREE JUICE WRLD SKIN OUT EARLY in Fortnite! (How to Get it, REWARDS, NEW UPDATE)",131546,2408,,1030,2024-11-26T02:12:06Z,"['fortnite', 'fortnite juice wrld', 'fortnite item shop', 'how to get free juice wrld skin in fortnite', 'juice wrld free skin', 'fortnite how to unlock juice wrld', 'fortnite juice wrld skin', 'fortnite new update', 'fortnite news', 'fortnite update', 'fortnite juice wrld skin free', 'fortnite juice wrld event', 'fortnite free skin', 'juice wrld', 'fortnite travis scott', 'fortnite how to', 'juice', 'wrld', 'oShven']",20
8BbNd_LDHDA,Nightmare on Reroll Street: Part 2 | Into the Arcane Launch Cinematic - Teamfight Tactics,2409179,36910,,1156,2024-11-25T14:05:00Z,"['tft', 'teamfight tactics', 'team fight', 'little legend', 'tactician', 'chibi champion', 'set', 'auto battle', 'auto chess', 'league of legends', 'arcane', 'netflix', 'season 2', 'whisker', 'molediver', 'pengu', 'furyhorn', 'choncc', 'black rose', 'vander', 'silco', 'jinx', 'powder', 'vi', 'violet', 'renni', 'jayce', 'singed', 'ekko', 'scar', 'firelight', 'piltover', 'zaun', 'undercity', 'bridge', 'mel medarda', 'viktor', 'warwick', 'hexcore']",20
1gM7yMvwut0,Town Hall 17 & New Hero | Clash of Clans November Update,4943035,137278,,8424,2024-11-25T10:03:23Z,"['clash of clans', 'COC', 'Clash of Clans Gameplay', 'Clash of Clans Strategy', 'Clash of Clans Animation', 'Clash of Clans Commercial', 'Clash of Clans Attacks', 'Clash of Clans Town Hall', 'Hog Rider', 'PEKKA', 'Clan Wars', 'season challenges', 'clan war leagues', 'clash on', 'clan game', 'clan games', 'clash-a-rama', 'clasharama', 'town hall 17', 'th17', 'town hall', 'november update', 'new troop', 'new spell', 'new hero', 'minion prince']",20
kZRSiQameQc,Unstoppable CR7! | Al Gharafa SC (QAT) - Al Nassr (KSA) | Highlights | AFC Champions League Elite‚Ñ¢,2624491,58377,,1454,2024-11-25T21:21:55Z,"['2024/25', 'ACL', 'AFC', 'AFC Champions League Elite‚Ñ¢', 'Al Gharafa SC', 'Al Nassr', 'Asian Football Confederation', 'Champions League', 'Elite', 'Football Asia', 'Football highlights', 'Highlights', 'asian football']",17
JydSNTZI57c,Larray Finds Quenlin Blackwell Love on The Button | Cut,928815,53797,,2319,2024-11-24T16:00:14Z,"['Cut', 'Watch Cut', 'people', 'people videos', 'storytelling', 'relationships', 'Dating', 'Interviews', 'Firsts', 'couples', 'exes', 'love', 'Kids Try', 'games', 'challenges', 'Ethnic groups', 'People Interviews', 'Dares', 'Truth or Dare', '100 ways', 'blind dates', '100 people', 'experiments', '#tbt', 'party games', 'Truth or Drink', 'HiHo Kids', 'Hiho', 'college', '100 YOB', '100 Years of Beauty']",24
HI81otLtElg,SHOCKING ROUND 1 AT WORLD CHAMPIONSHIP,411104,16389,,1408,2024-11-25T13:42:38Z,"['Hikaru Nakamura', 'magnus carlsen', 'hikaru chess commentary', 'chess tournament', 'master chess moves', 'levy rozman', 'chess openings for white', 'chess openings for black', 'chess openings gothamchess', 'bongcloud', 'bongcloud speedrun', 'gothamchess', 'levy', 'gotham', 'hans', 'niemann', 'hans niemann', 'kramnik', 'cheating in chess', 'cheating chess', 'cheating', 'world chess championship', 'wcc', 'wcc 2024', 'championship 2024', 'gukesh vs ding', 'gukesh', 'ding', 'gukesh v ding', 'gukesh ding', 'ding gukesh', 'ding liren', 'liren ding']",20
rzfS90MLD-E,CAN WE WIN THE TOURNAMENT? THE 7 ASIDE CUP,405852,15355,,3766,2024-11-25T19:56:33Z,"['5iveguysfc', '5iveguys', 'fiveguys', '5ive guys', 'five guys', 'five guys fc', 'fiveguysfc', '5ive guys fc', '5 guys fc', '5 guys', '5guys', '5 aside football', '5iveguys slide tackles', '5iveguys fights', '5iveguysfc fights', '5ive guys fc oakwood', '5ive guys fc division 1', 'sweet chilli', '5ive guys fc sweet chilli', 'top of the league', 'volkan', 'volkan 5guys', '5ive guys volkan', 'WE PLAYED THE WEIRDEST TEAM YET!', '5iveguys bongo boys', 'bongo boys', 'Tournament', '5iveguys tournament', 'tournament 5ive guys']",17
HnGRgt3V2ko,Bishop T.D. Jakes suffers health incident after delivering sermon,336397,1946,,1304,2024-11-24T23:45:43Z,['CBS 11 News Mid-day'],25
jcVNa1Jz8To,Kendrick Lamar - SQUABBLE UP BREAKDOWN? & REACTION,114293,5877,,895,2024-11-25T20:23:10Z,"['Kendrick Lamar', 'Drake', 'Not Like Us', 'Superbowl', 'Super Bowl LIX. New Orleans. February 2025. #AppleMusicHalftime', 'Zias', 'Kendrick Lamar. Super Bowl LIX Halftime Show', 'Directed by: Dave Free', 'Eminem', 'NoLifeShaq', 'Jayblac', 'Kendrick Lamar - Not Like Us', 'J Cole', 'Kendrick Lamar - reincarnated (Official Audio)', 'Kendrick Lamar - wacced out murals (Official Audio)', 'GNX', 'squabble up']",24
25bb8H0MOEM,The World‚Äôs Most Expensive Gym Membership ($10k/month),2587308,68458,,4097,2024-11-24T15:00:01Z,[],22
qtJEARCasVY,i tried food from TEMU...,929989,59436,,5331,2024-11-24T20:36:04Z,"['benoftheweek', 'ben de almeida', 'FUNNY MUKBANG', 'temu', 'TEMU SNACK HAUL', 'SNACK HAUL', 'TEMU HAS SNACKS', 'SNACK REVIEW', 'TEMU REVIEW', '#Temu', '#TemuReview', 'temu banned']",25
xdLODs1bFxY,JUICE WRLD *FREE* Skin is OUT NOW!,573866,7827,,1506,2024-11-25T10:22:17Z,"['fortnite', 'battle royale', 'fortnite trailer', 'update', 'trailer', 'battle pass', 'new fortnite update', 'live event', 'live', 'fortnite live event', 'remix', 'leaks', 'mythic weapons', 'juice wrld', 'juice wrld fortnite', 'juice wrld skin', 'remix finale event', 'juice wrld location', 'juice wrld landmark', 'juice wrld event', 'skin', 'juice', 'wrld', 'reward', 'juice wrld update', 'juice wrld mythic', 'countdown', 'unlock', 'free skin', 'new', 'snoop dogg', 'remix finale', 'chapter 6', 'chapter 6 fortnite', 'juice wrld free skin', 'chapter 6 trailer']",20
aXhDkAhgoCM,Australia v India 2024-25 | First Test | Day Four,11215224,166424,,3850,2024-11-25T09:00:03Z,['ausvind'],17
DesF9ikQgHQ,TRYING VIRAL TIKTOK SNACKS because i dont care for my health...,455554,32417,,1395,2024-11-24T20:00:04Z,[],23
sNd1-1GjMDY,Race Highlights | 2024 Las Vegas Grand Prix,5920876,131748,,4337,2024-11-24T08:56:28Z,"['F1', 'Formula One', 'Formula 1', 'Sports', 'Sport', 'Action', 'GP', 'Grand Prix', 'Auto Racing', 'Motor Racing', 'lvgp', 'las vegas', 'george russell', 'lewis hamilton', 'max verstappen', 'lando norris', 'mercedes', 'red bull racing', 'wdc']",17
vCqZQOqUiqo,Happy Wheels in 2024 is crazy..,1778204,146116,,6590,2024-11-24T17:00:49Z,"['pewdiepie', 'pewds', 'pewdie']",20
Lot0Aq-loms,My Birth Defect,3173165,125512,,24006,2024-11-23T17:00:27Z,['Haminations'],23
JulHGThFYbc,Kendrick Perkins CALLS OUT Jamal Murray to HELP OUT Jokic! üò§ Concerns in Denver?! üëÄ | First Take,348594,3470,,1351,2024-11-26T16:21:53Z,"['Stephen A. Smith', 'Stephen A.', 'Stephen A. Smith First Take', 'First Take', 'First Take ESPN', 'First Take Stephen A. Smith', 'First Take Stephen A.', 'Stephen A Smith', 'Stephen A Smith First Take', 'Stephen A First Take', 'Stephen A. Vs Shannon Sharpe', 'Shannon Sharpe', 'Shannon Sharpe First Take', 'Molly Qerim', 'Molly Qerim First Take', 'ESPN First Take', 'denever nuggets', 'denver nuggets', 'nuggets', 'nikola jokic', 'nba on espn', 'nba season', 'nba', 'denver nuggets media', 'new york knicks', 'jamal murray']",17
ltPzF_P7M5o,Manchester City v. Tottenham Hotspur | PREMIER LEAGUE HIGHLIGHTS | 11/23/2024 | NBC Sports,1184707,16528,,1933,2024-11-23T20:02:08Z,"['premier league', 'premier league highlights', 'nbc sports', 'premier league live', 'epl highlights', 'english premier league', 'premier league 2024/25', 'pl highlights', 'premier league highlights today', 'premier league today', 'premier league 2024', 'PL', 'PL goals', 'Manchester City', 'Matchweek 12', 'Tottenham Hotspur', 'Manchester City highlights', 'Tottenham Hotspur highlights', 'Manchester City vs. Tottenham Hotspur', 'Manchester City vs. Tottenham Hotspur highlights', 'City vs. Spurs', 'James Maddison brace']",17
FnAGIceYIhA,Denver Broncos Highlights vs. Las Vegas Raiders | 2024 Regular Season Week 12,97917,1106,,174,2024-11-25T00:56:01Z,"['Denver Broncos', 'Denver Broncos vs. Las Vegas Raiders', 'nfl33', 'nfl33-highlights']",17
jek9RyKqmlE,Australia v India 2024-25 | First Test | Day Three,11864906,199812,,5215,2024-11-24T11:00:55Z,['ausvind'],17
IcHYxUk2QIw,Alabama Crimson Tide vs. Oklahoma Sooners | Full Game Highlights | ESPN College Football,940277,9023,,2959,2024-11-24T04:03:54Z,"['college football espn', 'espn college football', 'college football', 'college football on espn', 'espn', 'cfb', 'college football 2024', 'cfbhighlights']",17
Tpg9n8tzeu0,New Minion Prince Hero and Hero Hall in Clash of Clans!,1872325,65949,,4575,2024-11-24T13:00:36Z,"['clash of clans', 'coc', 'clash of clans gameplay', 'clash of clans attacks', 'clash of clans strategy', 'judo sloth', 'th17', 'town hall 17', 'new hero', 'minion prince', 'clash of clans new hero', 'coc new hero', 'clash of clans minion prince', 'coc minion prince', 'hero hall', 'hero hall tutorial', 'clash of clans update', 'coc update', 'update sneak peek', 'new update', 'sneak peek 3', 'hero hall guide', 'clash of clans new update', 'minion prince attack', 'town hall 17 update', 'th17 update']",20
vzGCUIvOk_E,HIGHLIGHTS | Legan√©s 0-3 Real Madrid | LaLiga 2024/25,1429961,37990,,1191,2024-11-24T21:56:44Z,"['Real Madrid', 'Madrid', 'Real Madrid CF', 'Madridistas', 'Santiago Bernab√©u', 'Bernab√©u', 'Hala Madrid', 'Carlo Ancelotti', '„É¨„Ç¢„É´„Éª„Éû„Éâ„É™„Éº„Éâ', 'ÿ±ŸäÿßŸÑ ŸÖÿØÿ±ŸäÿØ', 'Î†àÏïå ÎßàÎìúÎ¶¨Îìú', 'Legan√©s', 'Leganes', 'Legan√©s vs Real Madrid', 'Legan√©s Real Madrid', 'Mbapp√©', 'Kylian Mbapp√©', 'Bellingham', 'Jude Bellingham', 'Jude', 'Fede Valverde', 'Fede', 'Valverde', 'Goal', 'Gol', 'Goles', 'Goals', 'Butarque', 'Estadio municipal de Butarque', 'LaLiga', 'Liga', 'Liga Espa√±ola', 'Arda G√ºler', 'Vini Jr.', 'Ancelotti', 'Brahim', 'Legan√©s 0-3 Real Madrid', 'Kylian', '„É¨„Ç¨„Éç„Çπ 3-0 „É¨„Ç¢„É´„Éª„Éû„Éâ„É™„Éº„Éâ', '„É¨„Ç¨„Éç„Çπ', '„Ç®„É≥„Éê„Éö', '„Éï„Çß„Éá', '„Éô„É™„É≥„Ç¨„É†']",17
caUyK0UiyxI,"Why I'm giving away my ""Million Dollar Idea""",400702,16116,,1179,2024-11-24T14:45:02Z,"['Morely', 'morly', 'kurt', 'morelykert', 'invention', 'product', 'design', 'entrepreneur', 'onewheel', 'electric', 'skateboard', 'vancouver', 'one', 'wheel', 'future', 'motion', 'invent', '3d', 'printing', 'digital', 'fabrication', 'inventor', 'business']",26
43u7sm0bzsQ,Philadelphia Eagles vs. Los Angeles Rams Game Highlights | NFL 2024 Season Week 12,1668108,20439,,2275,2024-11-25T04:47:52Z,[],17
XflVSOECsio,"Ohio State beats Indiana & Alabama, Ole Miss, A&M all go down: who‚Äôs in the Playoff and who‚Äôs out?",165656,3708,,1452,2024-11-25T15:00:06Z,"['football', 'college football', 'interviews', 'highlights', 'commentary & analysis', 'joel klatt', 'indiana hoosiers', 'Fox', 'Fox Sports', 'FS1', 'CFB', 'NCAA', 'Big 10', 'SEC', 'Big 12', 'B1G', 'Pac 12', 'sports', 'fox college football', 'cfb on fox', 'fs1', 'fox sports', 'NIL', 'college football playoff', 'college football highlights', 'big 12 conference', 'pac 12 conference', 'acc conference', 'big 10 conference', 'sec conference', 'hoosiers', 'indiana news', 'indiana football', 'ohio state', 'buckeyes']",17
HmdG66dtnNM,Guess The Fake Athlete!,987287,23182,,883,2024-11-25T22:03:00Z,"['jesser', 'guess the pro', 'guess the fake athlete', 'guess the odd one out', 'odd one out', 'guess the secret nba player', 'secret nba player', 'guess the', 'guess that', 'guess the pro basketball player', 'guess that pro', 'basketball player', 'basketball', 'fake vs pro', 'guess the pro soccer player', 'guess the pro football player']",17
SWQlekOec-M,NoCap - Blame Myself/Block Fever Snippet (Official Video),318917,19666,,986,2024-11-24T02:54:59Z,"['nocap', 'thebackendchild', 'ghetto angels', 'legend', 'point guard', 'rylo rodriguez', 'rylo', 'free ghetto', 'blind nights', 'freestyle', 'mobile', 'alabama', 'innocent', 'nba youngboy', 'quando rondo', 'evol', 'exotic', 'lyrics', 'rap lyrics', 'official', 'official video', 'official audio', 'mr crawford', 'yb']",10
_XNun1WecrA,Dallas Cowboys vs. Washington Commanders | 2024 Week 12 Game Highlights,1469433,18191,,2370,2024-11-24T22:00:29Z,[],17
SoICIEq9Gsk,The UPDATED GOATMAN mod is EVIL.. Minecraft: From the Fog,297539,19845,,2997,2024-11-24T20:00:10Z,[],20
TesZHj8rvn4,Season 2025 Breakdown | Welcome To Noxus,684687,22105,,1269,2024-11-25T16:00:32Z,"['Season', '2025', 'Season 2025', 'SkinSpotlights', 'Battle Pass', 'Season Pass', 'Atakhan', 'Ruinous', 'Voracious', 'Ruins Atakhan', 'Voracious Atakhan', 'Feats of Strength', 'Noxus', 'Noxian Invasion', 'Welcome to Noxus', 'Arcane', 'Arcane Season 2', 'Ambessa', 'Mel']",20
hWI6gUAPtcg,Man City 0-4 Tottenham Hotspur | Premier League Highlights | Spurs THRASH Champions at Etihad,2900857,50067,,2112,2024-11-23T21:45:02Z,"['Spurs', 'Tottenham Hotspur', 'ÌÜ†Ìä∏ÎÑò', 'ÏÜêÌù•ÎØº']",17
MEi7WlKb4Js,Testing a Hamster's Survival Skills,1844953,57811,,2279,2024-11-23T17:00:17Z,"['hamster maze', 'ecosystem', 'hamster obstacle course']",15
pX2BqeufZWc,FIRST WEEK IN MY NEW NYC APARTMENT *alone..*,771396,43600,,1557,2024-11-24T13:30:32Z,"['hjevelyn', 'erica ha', 'Emily ha', 'ha sisters', 'college vlog', 'teenager vlog', 'nicole laeno', 'Nicole laeno vlogs', 'fred and evelyn', 'fred and hjevelyn', 'fred and hjevelyn dating?', 'thirdwheeling', '3rd wheeling', 'third wheeling my sister', 'vlog', 'highschool vlog', ""erica ha's vlog"", 'first day of school', 'a day in my life vlog', 'a day in my life in nyc', 'Nicole laeno dance', 'fredliu', 'fred liu', 'Freddie liu', 'what I eat in a week', 'korean food', 'mukbang', 'what I eat in a day korean food']",22
EKL50ccXyAw,Minecraft Button Experiment,445331,24172,,880,2024-11-24T16:00:10Z,"['Minecraft Manhunt but', 'Minecraft Manhunt but I secretly used', 'Minecraft Manhunt but OP Loot', 'Minecraft Manhunt but OP Enchants', 'Minecraft Manhunt but I can go into creative', 'Minecraft manhunt but drops are random', 'Minecraft Manhunt Dream', 'Dream Manhunt', 'Dream Manhunt 1v5', 'Poland Manhunt 1v5', 'Poland Manhunt', 'Wisp Manhunt', 'Dream Latest Manhunt', 'Minecraft but lava rises', 'Minecraft Manhunt but custom', 'Manhunt 6 hunters', 'Boosfer Manhunt 1v6']",20
A-vrLaLUzGQ,SONIC MOVIE 3 TRAILER 2 REACTION - THEY DID IT!!!,52051,3992,,504,2024-11-25T14:55:17Z,"['Sonic Movie 3 Trailer 2', 'Sonic Movie 3 Trailer Reaction', 'Sonic Movie 3 Trailer 2 Reaction', 'Sonic Movie 3', 'Sonic', 'Sonic the Hedgehog', 'Sonic the Hedgehog 3', 'Sonic Movie 3 Reaction', 'Sam Procrastinates', 'Sam Procrastinates Sonic', 'Sam Procrastinates Sonic Movie', 'Sonic Movie 3 Shadow', 'Sonic Movie Shadow', 'Shadow', 'Shadow the Hedgehog', 'Shadow Reaction', 'Sonic Movie Reaction', 'Sonic the Hedgehog Reaction', 'SEGA', 'Paramount']",20
alJ1KJu5h9U,"I Got a Pet Leech (yes, really)",2675102,37995,,3570,2024-11-23T13:00:03Z,"['leech', 'blood sucking leech', 'leeches', 'terragreen', 'pet', 'terra', 'green', 'dr plants', 'pet leech', 'pet dinosaur', 'pet alien', 'weirdest pet']",15
-NrRxl4LysU,HE HAS THE GUN!! - SONIC MOVIE 3 TRAILER 2 REACTION,58990,3940,,497,2024-11-25T14:14:32Z,"['Sonic Movie', 'sonic 3', 'sonic mvoie 3 reaction', 'SONIC MOVIE 3 TRAILER', 'sonic movie 3 trailer reaction', 'sonic the hedgehog 3', 'sonic vs shadow', 'SHADOW HAS A GUN', 'NEW SONIC MOVIE TRAILER', 'SONIC MOVIE HYPE 3', 'shadow the hedgehog', 'sonic the hedgehog', 'sonic movie 3 trailer', 'GAMESCAGE SONIC', 'GAMESCAGE SHADOW', 'NEW SONIC REACTION']",20
obiszPFcIUw,The World's Spiciest Ramen (10 Packs),750477,42225,,2661,2024-11-24T17:37:51Z,"['Matt Stonie', 'Megatoad', 'Competitive Eating', 'Food Challenge', 'Speed Eating', 'Eating Challenge', 'Korean Fire Noodles', 'Spicy Challenge', 'Spicy Food', 'Spicy Noodles']",24
UgnvIn4uWko,"Game Theory: FNAF, The Missing Key Is... Phone Guy?!",1533830,86673,,4146,2024-11-23T18:05:00Z,"['fnaf', 'five nights at freddys', 'fnaf lore', 'fnaf theory', 'fnaf lore explained', 'five nights at freddys lore', 'fnaf help wanted 2', 'fnaf ruin dlc', 'fnaf ruin', 'fnaf secutity breach', 'fnaf circus', 'fnaf circus game', 'new fnaf game', 'circus baby', 'fnaf mimic', 'freddy fazbear', 'freddy', 'glamrock freddy', 'afton', 'mimic', 'the mimic fnaf', 'the mimic', 'fnaf explaine', 'full fnaf timeline', 'game theorists', 'matpat', 'game theory', 'matpat fnaf', 'gt', 'game theory fnaf', 'fnaf game theory', 'fnaf gt', 'fnaf matpat']",20
pc9up-hNaVM,Minecraft but I ESCAPE from PVP CIVILIZATION,1378372,63637,,6959,2024-11-24T00:15:06Z,[],20
8NY2prvv4Ng,Behind the scenes of CM Punk‚Äôs WWE return at Survivor Series 2023,1395958,75125,,4167,2024-11-25T15:00:06Z,"['Bayley', 'Bruce Prichard', 'CM Punk', 'Cody Rhodes', 'Jamie Noble', 'Jey Uso', 'Michael Hayes', 'Paul Triple H Levesque', 'Rhea Ripley', 'Sami Zayn', 'Stephanie McMahon', 'William Regal', 'superstars', 'world wrestling entertainment', 'wrestle', 'wrestler', 'wrestling', 'wwe', 'wwe 2024', 'ŸÖÿµÿßÿ±ÿπŸá', '‡§ï‡•Å‡§∂‡•ç‡§§‡•Ä', '‡§°‡§¨‡•ç‡§≤‡•Ç ‡§°‡§¨‡•ç‡§≤‡•Ç ‡§à', '‡§™‡§π‡§≤‡§µ‡§æ‡§®', '‡§Æ‡•à‡§ö', '‡§µ‡•ç‡§Ø‡§æ‡§µ‡§∏‡§æ‡§Ø‡§ø‡§ï ‡§ï‡•Å‡§∂‡•ç‡§§‡•Ä', '‡§∏‡•Å‡§™‡§∞‡§∏‡•ç‡§ü‡§æ‡§∞', 'cm punk returns', 'cm punk wwe', 'cm punk returns to wwe', 'cm punk survivor series', 'cm punk survivor series 2023', 'cm punk is back']",17
4st9LQZE-MY,üá∫üá∏ President-elect Donald Trump arrives at Madison Square Garden alongside Elon Musk #UFC309 üòÆ‚Äçüí®,7387527,119647,,14736,2024-11-17T03:07:32Z,"['TNT Sports', 'TNT Football', 'TNT', 'Discovery', 'Eurosport', 'Warner Bros.', 'Cricket', 'Football', 'UFC', 'Boxing', 'Premier League', 'Arsenal', 'Liverpool', 'Manchester United', 'Chelsea', 'Tottenham', 'Manchester City', 'Tyson Fury', 'Oleksandr Usyk', 'Joe Joyce', 'Bukayo Saka', 'Erling Haaland', 'Mohamed Salah', 'Bruno Fernandes', 'Conor McGregor', 'Dana White', 'MMA', 'Khabib Nurmagomedov', 'Moto GP', 'UEFA Champions League', 'Real Madrid', 'UEFA Europa League', 'UCL', 'UEL', 'Soccer', 'Tennis', 'Rugby', 'Olympics', 'Cycling', 'Baseball', 'WWE', 'Wrestling', 'Golf', 'F1', 'Sport']",17
NfNTc9Rejlg,Escaping POU PRISON,347411,2029,,64,2024-11-25T15:00:32Z,"['projectjamesify', 'jamesify', 'game', 'gameplay', 'gaming', 'video game', 'funny', 'Pous Revenge']",20
DTIJItf7n-g,So I Analyzed the NEW Minecraft Movie Trailer...,396935,18823,,1380,2024-11-24T14:15:00Z,"['fundy', 'fundylive', 'itsfundy', 'fundy minecraft', 'fundy highlights', 'fundylive highlight', 'fundy twitch', 'fundy vods', 'fundy upload', 'fundy mods', 'fundy review', 'fundy showcase', 'fundy reddit', 'fundy second channel', 'fundy 2', 'fundy clips', 'minecraft movie', 'minecraft trailer', 'minecraft', 'mc', 'mc trailer', 'pink sheep', 'mc creeper', 'fundy mc', 'fundy letsplay', 'fundy discord', 'systemzee', 'doctor4t', 'doctorrat', 'eightsidedsquare', 'knarfy', 'trailer', 'mc movie', 'minecraft movie trailer', 'fundy movie trailer']",20
53OY1wCweoU,WHAT IS BETTER THAN 1 ULTIMATE MINI JEEP?,230139,9551,,710,2024-11-24T13:00:04Z,[],2
4TlrbqidhCQ,TFT Dev Drop: 6-Costs Enter Into the Arcane I Dev Video - Teamfight Tactics,181630,5896,,705,2024-11-25T14:00:06Z,"['Teamfight tactics', 'dev drop', 'set 13', 'into the arcane', 'tft arcane set', 'warwick unbound', 'arcane warwick unbound', 'tft macao open', 'tft esports', '6-costs', 'viktor', 'mel', 'warwick', 'dev update', 'tft update', 'WW', 'Arcane', 'tft']",20
JFQeiRnzvcg,We Need to Talk About the Ironmouse Situation,2822185,232785,,18895,2024-11-23T18:15:00Z,"['cdawgva', 'Connor', 'ConnorDawg', 'ironmouse', 'vtuber', 'news', 'situation', 'kaicenat', 'record', 'award', 'hate']",24
9CJENT77Ly8,Surviving Using World's LARGEST Suitcase in the Desert,1568108,24532,,4112,2024-11-23T17:51:53Z,"['pierson', 'Pierson wodzynski', 'worlds smallest suitcase', 'i survived the worlds worst rated cruise', 'i transformed my room with only cardboard', 'i exposed the worst rated airlines', 'amp world', 'brent rivera', 'lexi rivera', 'ben azelart', 'jeremy hutchins', 'i exposed the worlds most evil 10 year old', 'i built a soccer stadium in my house', 'i built a secret room in my pool', 'i spent 100 hours in the worlds weirdest hotels', 'andrew davila', 'liv swearingen', 'challenge', 'tiktok', 'i survived 50 hours in 2d']",22
rbkTiAeZ6Gk,SEC Shorts - Some SEC teams hop off the Playoff train,434640,15677,,1596,2024-11-25T14:00:53Z,[],23
gMycVH08FrM,24 Hours In Colorado,915996,54692,,1534,2024-11-23T22:51:40Z,"['duke dennis', 'deeblock duke', 'Colorado', '24 hours', '24 hours in Colorado', 'Kevin gates', 'Kevin gates duke Dennis', 'Duke Dennis 24 hours']",24
tK4m2VZA_8k,Kevin O‚ÄôConnell‚Äôs Locker Room Speech After Minnesota Vikings Win Over Chicago Bears,112008,3484,,514,2024-11-24T23:11:29Z,"['NFL', 'Vikings', 'Minnesota', 'MN', 'Football']",17
1F3OGIFnW1k,"Stromae, Pomme - ‚ÄúMa Meilleure Ennemie‚Äù (from Arcane Season 2) [Official Visualizer]",7362429,283208,,8102,2024-11-23T08:01:00Z,"['Stromae', 'Pomme', 'Ma Meilleure Ennemie', 'Arcane', 'Riot Games Music', 'music', 'french', 'love', 'romance', 'gaming', 'league of legends']",10
N_SHr2hxW5U,"NEW College Football Playoff Rankings | Tennessee Confident | Georgia Poised | Miami, Oregon, Texas",141962,2080,,1178,2024-11-24T19:03:01Z,"['On3', 'College Football', 'College Football Podcast', 'College Football LIVE']",17
3qXGE8uAd7s,How I Stopped an ANT WAR in My Giant Rainforest Vivarium,380695,20441,,2235,2024-11-24T13:00:04Z,"['ants', 'pets', 'terrarium', 'ant farm', 'antfarm', 'antscanada', 'animals', 'insects', 'exotic pets', 'myrmecology', 'science', 'education', 'ecosystem']",15
sksZvI9rm4A,1 Goal = 1 Mystery Football Shirt,281038,5366,,487,2024-11-26T15:38:13Z,"['mystery football shirt', '1 goal 1 shirt', '1 goal 1 football shirt', '1 goal 1 mystery kit', 'fc25 mystery', 'pazjor shirt', 'pajor shirt', 'mystery shirt box', 'mystery footbal kit', 'footbal shirts', 'mystery kit fc25', 'fifa mystery kit']",20
X2yLl7noa7A,OFFLINETV RACE THROUGH LA,771377,34766,,663,2024-11-24T00:00:01Z,"['OfflineTV', 'Scarra', 'Poki', 'Pokimane', 'Lily', 'LilyPichu', 'DisguisedToast', 'Toast', 'TwitchTV', 'twitch', 'Streaming', 'Vlog', 'Fail', 'Epic', 'Gamers', 'Streamers', 'OTV', 'Lilypichu Voice', 'Pokimane thicc', 'OTV Plays', 'OfflineTV plays', 'Michael Reeves', 'Michael', 'Reeves', 'Pok√©mon', 'Pok√©mon GO']",25
odXf_O2kwg8,I Bought Unrealistic Pinterest Dream Gowns,2800892,134546,,4141,2024-11-23T03:13:30Z,"['i bought unrealistic pinterest dream gowns', 'pinterest dream gowns', 'unrealistic pinterest items', 'gowns', 'pinterest haul', 'formal', 'prom', 'goth dream gowns', 'safiya nygaard', 'internet haul', 'buying', 'shopping', 'sofia', 'safia', 'nygard', 'safiya and tyler', 'teuta matoshi', 'ai dress', 'knockoff dress', 'scam website']",22
VTqzooJ9v88,Real Liquid Venom Attacks Me - Ft Tom Hardy,1702519,60450,,2389,2024-11-23T18:08:23Z,"['Jlaservideo', 'DIY', 'how to', 'tutorial', 'engineering', 'technology', 'Venom', 'real life Venom', 'Tom Hardy', 'Venom the last dance', 'ferrofluid', 'venom irl', 'real liquid venom']",1
RiS0pgYsKdg,I Found an Abandoned Axolotl Farm,1254077,33182,,3351,2024-11-23T13:00:05Z,"['abandoned', 'axolotl', 'pet store', 'saving animals', 'saving fish', 'pet', 'fish', 'aquarium fish', 'aquarium', 'exotic fish', 'fishing', 'cichlid', 'big fish', 'catfish', 'fish keeping', 'florida fishing', 'bass fishing productions', 'bass fishing', 'outdoors', 'freshwater fishing', 'invasive fish', 'snakehead', 'fishing video', 'animal', 'sewer fishing', 'rare fish', 'eel', 'monster', 'pleco', 'alien fish', 'trap', 'pond', 'monster fish', 'turtle', 'snake', 'fish tank', 'abandoned pool', 'sewer monster', 'saving', 'pond monster', 'backyard pond', 'lizard', 'frog', 'animals']",15
bnUzhlUdUfQ,THE COBRA KAI MOVIE  - A Baylen Levine Film,1756901,83477,,3870,2024-11-23T01:00:02Z,"['cobra kai', 'cobra kai movie', 'cobra kai season 6', 'cobra kai season 6 part 2', 'cobra kai fan film', 'baylen levine', 'cobra kai prank', 'cobra kai pranks', 'cobra kai cast', 'cobra kai actors', 'baylen levine movie', 'cobra kai baylen levine', 'johnny lawrence', 'john kreese', 'william zabka', 'martin kove', 'baylen levine cobra kai episode']",24
DyWna3Z08tQ,"Paul Heyman Delivers CM Punk to Roman Reigns, OG Bloodline! | WWE SmackDown 11/22/24 | WWE on USA",1486591,40553,,5344,2024-11-23T03:09:18Z,"['WWE', 'WWE Smackdown', 'WWE Smackdown Highlights', 'WWE Smackdown Highlights Today', 'WWE Smackdown Highlights This Week', 'WWE Smackdown Full Show', 'WWE Smackdown Full Match', 'Solo Sikoa', 'Jacob Fatu', 'Tama Tonga', 'Tonga Loa', 'Bronson Reed', 'Roman Reigns', 'Paul Heyman', 'OG Bloodline', 'OTC', 'New Bloodline', 'The Rock', 'Jey Uso', 'Jimmy Uso', 'Sami Zayn', 'SMACKDOWN', 'SMACKDOWN HIGHLIGHTS', 'smackdown', 'smackdown highlights', 'FULL MATCH', 'full match', 'FULL SHOW', 'full show', 'WWE HIGHLIGHTS', 'WWE smackdown']",17
amgPXKrFZVg,Wicked | What Is This Feeling,4345703,93967,,2712,2024-11-22T16:15:27Z,[],1
GMH0AaCltvk,I Created A World Eating Worm In Build a Boat!,295193,5685,,1018,2024-11-24T13:30:08Z,"['jessetc', 'build a boat', 'build a boat for treasure', 'Roblox', 'jesse games', 'build a boat update', 'build a boat codes', 'dragon egg build a boat', 'build a boat code', 'build a boat easter update', 'egg boss build a boat', 'build a boat egg update', 'build a boat glitch', 'roblox build a boat', 'build a boat secrets', 'roblox build a boat for treasure', 'build a boat for treasure roblox', 'build a boat egg hunt 2020', 'build a boat for treasure in roblox', 'money glitch build a boat for treasure']",20
YwUQ_5iV9pY,Kendrick Lamar - wacced out murals (Official Audio),6430985,252245,,18590,2024-11-22T17:08:31Z,[],22
CAGc2gOWgiQ,JUICE WRLD *FREE* Skin is AVAILABLE!,723556,27785,,883,2024-11-24T17:55:54Z,"['fortnite', 'battle royale', 'fortnite trailer', 'update', 'trailer', 'battle pass', 'new fortnite update', 'live event', 'live', 'fortnite live event', 'remix', 'leaks', 'mythic weapons', 'juice wrld', 'juice wrld fortnite', 'juice wrld skin', 'remix finale event', 'juice wrld location', 'juice wrld landmark', 'juice wrld event', 'skin', 'juice', 'wrld', 'reward', 'juice wrld update', 'juice wrld mythic', 'countdown', 'unlock', 'free skin', 'new', 'snoop dogg', 'remix finale', 'chapter 6', 'chapter 6 fortnite', 'juice wrld free skin', 'chapter 6 trailer']",20
ftp2vfDOGKE,HIGHLIGHTS | WALES V AUSTRALIA | AUTUMN NATIONS SERIES,562832,4064,,854,2024-11-17T18:18:40Z,[],17
CW9rf-1htQE,Ultimate Mini Jeep Rock Crawler Build!,616272,23755,,970,2024-11-23T21:00:05Z,[],2
flN8HhmOTLI,How Kendrick was in the Studio Making this New Album (GNX),1161671,135493,,3907,2024-11-23T03:51:35Z,[],1
a-eDHkkFznA,Buying Hurricane FLOODED Supercars At AUCTION!,326083,9467,,677,2024-11-25T20:00:01Z,"['Lamborghini', 'Huracan', 'aventador', 'aventador sv', 'huracan performante', 'gallardo', 'ferrari f8', 'f8 tributo', 'ford gt', 'porsche gt3', 'gt3 rs', 'gt4', 'gt2 rs', 'porsche 911 gt3', 'skyline gtr', 'shelby gt500', 'corvette z06', 'salvage auction', 'copart auction', 'salvage rebuild', 'salvaged exotic cars', 'salvage sports cars', 'hurricane flooding', 'florida hurricanes', 'flooded exotic cars', 'scraplife garage']",2
4W9YskwfTXE,Australia v India 2024-25 | First Test | Day Two,11033654,187574,,4541,2024-11-23T11:07:54Z,['ausvind'],17
aLO3ryRl3VQ,Scariest Paranormal Ocean Encounters!,569029,42350,,2138,2024-11-23T19:15:01Z,"['sam and colby', 'colby and sam', 'overnight', 'sam&colby', 'ghost', 'haunted', 'paranormal', 'top 10', 'top 5', 'reacting', 'react', 'sam and colby missed this', 'scary', 'caught on camera', 'ghost stories', '3am', 'the conjuring', 'the stanley', 'sam and colby react', 'colby and sam react', 'funny', 'how to', 'tips', 'laugh', 'challenge']",24
ar1sCqwAvAs,Samsung is in Crisis,2359455,51239,,4286,2024-11-23T18:41:39Z,"['Coldfusion', 'TV', 'Dagogo', 'Altraide', 'Technology', 'Apple', 'Google', 'Samsung', 'Facebook', 'Tesla']",28
mn8xIJkmtGk,I Turned A Children's Game Into A Nightmare,583989,32020,,1539,2024-11-23T16:00:44Z,[],24
U8F5G5wR1mk,Kendrick Lamar - tv off (Official Audio),6417981,308581,,24955,2024-11-22T17:08:31Z,[],22
QeooZB4Z7RA,"Lethal Company Music Video üéµ ""Follow The Orders"" [VERSION A]",935401,37773,,3064,2024-11-23T15:00:06Z,"['lethal company', 'music video', 'animation', 'zamination', 'cubical', 'song', 'version a']",1
iHf9CHBAeuM,"Zelda, but Every 5 Minutes You Make it Weirder",451807,31796,,1139,2024-11-23T20:06:35Z,"['pointcrow', 'point crow', 'pointcrow zelda', 'zelda pointcrow', 'zelda breath of the wild', 'the legend of zelda breath of the wild', 'botw', 'breath of the wild', 'the legend of zelda', 'can you beat', 'lets play', 'playthrough', 'gaming', 'gameplay', 'walkthrough', 'speedrun', 'speedrunning', 'zelda speedrun', 'pointcrow botw', 'zelda challenge', 'challenge', 'breath of the wild challenge', 'totk', 'tears of the kingdom', 'the legend of zelda tears of the kingdom', 'glitches', 'glitch', 'tears of the kingdom speedrun', 'totk challenge']",20
Ox29z5Nf1Uk,"[#2024MAMA] G-DRAGON - Î¨¥Ï†ú(Untitled, 2014)+POWER+HOME SWEET HOME+Î±ÖÎ±ÖÎ±Ö+FANTASTIC BABY | Mnet 241123 Î∞©ÏÜ°",19005622,746808,,89021,2024-11-23T08:54:37Z,"['2024MAMA', '2024MAMAAWARDS', 'BANGBANGBANG', 'CJ100', 'FANTASTICBABY', 'GDRAGON', 'HOMESWEETHOME', 'MAMAAWARDS', 'POWER', 'Untitled2014', 'Î¨¥Ï†ú', 'Î±ÖÎ±ÖÎ±Ö', 'ÏßÄÎìúÎûòÍ≥§', 'Ìã∞ÎπôÏóêÏÑúÏä§Ìä∏Î¶¨Î∞ç', 'ÌååÏõå']",24
y7C6qtyXp_Y,Trolling My Boyfriends PRIVATE SERVER as a NOOB in Dress to Impress!,257902,3929,,700,2024-11-25T23:49:55Z,"['roblox', 'private server ios', 'Trolling My Boyfriends PRIVATE SERVER as a NOOB in Dress to Impress!', 'dress to impress', 'dress to impress troll', 'trolling as a noob']",20
yhaHnimgKTM,LIL WAYNE WARNS KENDRICK LAMAR TO CHILL BEFORE HE DESTROYS HIM IN A DISSTRACK!,464183,23860,,6153,2024-11-24T09:01:49Z,"['Nolifeshaq reactions', 'kendrick vs drake beef reaction', 'kendrick vs lil wayne', 'wacced out murals', 'wacced out murals reaction', 'kendrick lamar', 'kendrick lamar gnx', 'kendrick lamar reaction', 'kendrick diss weezy', 'kendrick disses lil wayne and snoop']",24
CBtS0-fozls,AMP LOVE ISLAND,2987101,107761,,4267,2024-11-22T23:37:45Z,"['KAI CENAT', 'DUKE DENNIS', 'AGENT 00', 'CHRISNXTDOOR', 'FANUM', 'IMDAVISSS', 'ANY MEANS POSSIBLE', 'AMP LOVE ISLAND', 'LOVE ISLAND', 'AMP TOO HOT TOO HANDLE', 'AMP REALITY SHOW', 'AMP LOVE']",24
UgaBUdTMQDc,Can You Charge A Phone with Marbles?,711218,26149,,1583,2024-11-23T14:00:33Z,[],28
nJXz39RLx_I,Jake Paul Wins | Jake Paul vs. Mike Tyson | Netflix,3012391,10329,,5285,2024-11-16T05:46:59Z,"['jake paul', 'mike tyson', 'netflix', 'who won']",17
UINOyOJHyrw,Blox Fruits | DRAGON UPDATE OFFICIAL NEWS,3987300,263498,,69127,2024-11-23T02:00:06Z,"['blox fruits', 'admin', 'zioles', 'blox fruits admin', 'admin command', 'abusive admin', 'roblox', 'robux', 'trolling', 'troll', 'gift', 'indra', 'blox fruits update', 'blox fruits update 20', 'update 20', 'gamer robot', 'mygame43', 'blox fruits update 19', 'roblox blox fruits', 'family friendly', 'no cursing', 'blox fruit', 'blox fruits noob to pro', 'anime', 'race v4', 'cdk', 'soul guitar', 'leveling guide', 'blox fruits new code', 'new code', 'blox fruits code', 'pvp', 'el krazy', 'undercover admin', 'leaks', 'sneak peek', 'secret ability']",20
SGoJQ_W_rS0,Wicked - Is It Good or Nah?,510683,30924,,1658,2024-11-23T19:42:25Z,"['Schaffrillas Productions', 'Wicked', 'Defying Gravity', 'Popular', 'What Is This Feeling', 'The Wizard and I', 'Glinda', 'Elphaba']",24
nUd1DR3stOA,Try Guys Make Girl Scout Cookies Without A Recipe,836696,32226,,1519,2024-11-23T16:00:50Z,"['try guys', 'keith', 'zach', 'habersberger', 'kornfeld', 'buzzfeedvideo', 'buzzfeed', 'comedy', 'education', 'funny', 'try', 'learn', 'fail', 'experiment', 'test', 'tryceratops', 'the try guys', 'keith habersberger', 'zach kornfeld', 'comedy video', 'youtuber', 'celebrity', 'pop culture', 'trending topics', 'trending', 'tiktok trends', 'buzzfeed celeb', 'new series', '2nd try', '2ndtry', 'without a recipe', 'war', 'cooking show', 'cooking', 'baking', 'baking show', 'mythical kitchen', 'dropout', 'chopped', 'top chef', 'gordon ramsey', 'final meals', 'first we feast', 'hot ones']",23
uE1rBzAagvQ,Models Expect Coldest Pattern in Years... And A MASSIVE Snowstorm,391982,5148,,478,2024-11-24T01:30:24Z,"['Weather', 'Meteorology', 'forecast', 'Direct Weather', 'News', 'The Weather Channel', 'Weather Channel', 'Weather Forecast', 'Winter Forecast', 'Winter Outlook', 'Local Forecast', 'Winter 2023 - 2024', 'Winter thoughts', 'Winter Forecast 2023 - 2024', 'Trilogy Maps', 'Preliminary Winter Forecast 2023 - 2024', 'Fall Forecast', 'Historic Cold', 'Record Cold', 'Snowfall Forecast', 'Official Snowfall Forecast', 'Snowfall', 'When to expect your first Snowfall', 'First Snowfall', 'Winter', 'Winter 2023', 'Polar Vortex', 'December', 'Snowstorm']",24
08x2npgd0xI,"ARCANE Season 2 Episodes 7, 8 & 9 Ending Explained",488401,12761,,2344,2024-11-23T14:04:41Z,"['Arcane', 'Arcane Netflix', 'Arcane Season 2', 'Arcane Season 2 Episode 7', 'Arcane Season 2 Episode 8', 'Arcane Season 2 Episode 9', 'Arcane Season 2 Review', 'Arcane Review', 'Arcane Ending Explained', 'Arcane Season 2 Ending Explained', 'Arcane Ending', 'Arcane Season 2 Ending', 'Arcane Reaction', 'Arcane Season 2 Reaction', 'Arcane Season 2 Episode 7 Breakdown', 'Arcane Season 2 Episode 8 Breakdown', 'Arcane Season 2 Episode 9 Breakdown', 'Arcane Season 2 Episode 9 Explained', 'Arcane Season 2 Episode 9 Ending']",24
9M87tRY1ZPU,AMORIM REALITY BITE! IPSWICH 1-1 MANCHESTER UNITED GOLDBRIDGE MATCH REACTION,367295,8543,,998,2024-11-24T19:07:07Z,"['Manchester United', 'Man United', 'Man Utd', 'Manchester United TV', 'The United Stand', 'United Stand', 'Manchester United News', 'MUFC', 'Man Utd News', 'United', 'Manchester United Latest News', 'Manchester United Transfer News', 'Goldbridge', 'Live stream', 'Manchester United live', 'Ten Hag', 'Mark Goldbridge', 'Man Utd live stream', 'Watchalong', 'Live Watchalong', 'Man Utd vs Ipswich', 'Ipswich vs Man Utd', 'Ipswich Manchester United', 'Amorim', 'Amorim United', 'Man Utd vs Ipswich live', 'Ipswich Town']",17
bTL4r-1VLDY,DABABY - PHAT (OFFICIAL VIDEO),760486,34815,,1487,2024-11-22T14:00:07Z,"['DaBaby', 'Baby Jesus', 'Charlotte', 'Hip Hop', 'Rap', 'dababy phat', 'phat dababy', 'dababy', 'rockstar', 'da baby', 'bop', 'bop dababy', 'rockstar dababy', 'hip hop', 'dababy freestyle', 'dababy rockstar', 'phat']",10
qeqj5GnoFUY,Defying Gravity (From Wicked The Soundtrack),2108432,41292,,2852,2024-11-22T05:00:42Z,"['republic records', 'republic', '#WickedMovieLyrics', '#WickedTheSoundtrack', '#WickedMovie', '#ArianaGrande', '#CynthiaErivo', '#Glinda', '#Elphaba', '#WickedMusical', '#Wicked', '#Broadway', '#WizardOfOz', '#JeffGoldblum', '#MichelleYeoh', '#EthanSlater', '#BowenYang', '#JonathanBailey', '#IdinaMenzel', '#KristinChenoweth', '#PeterDinklage', 'DefyingGravity', 'DefyingGravityWicked', 'DefyingGravityWickedMovie', 'DefyingGravityCythiaErivo', 'DefyingGravityMovieVersion']",10
Hscaf4VPDp4,"New Thrower Troop, Firespitter Defense and Revive Spell in Clash of Clans!",1424284,49962,,2586,2024-11-23T13:00:19Z,"['clash of clans', 'coc', 'clash of clans gameplay', 'clash of clans attacks', 'clash of clans strategy', 'judo sloth', 'town hall 17', 'th17', 'thrower', 'new troop', 'new defense', 'new spell', 'revive', 'revive spell', 'firespitter', 'firespitter defense', 'lab assistant', 'town hall 17 update', 'th17 update', 'new update', 'clash of clans update', 'coc update', 'update sneak peek', 'sneak peek 2', 'november update', 'clash of clans 2024', 'clash of clans town hall 17', 'coc th17', 'th17 sneak peek', 'town hall 17 attack']",20
z594bVVWhWU,RACING vs. CRUZEIRO | HIGHLIGHTS | CONMEBOL SUDAMERICANA 2024,420711,4665,,630,2024-11-23T22:26:56Z,"['gols', 'goles', 'goals', 'gola√ßos', 'highlights', 'resumen', 'melhores momentos', 'futebol', 'f√∫tbol', 'soccer', 'Conmebol', 'Sudamericana', 'Conmebol Sudamericana', 'Copa Sudamericana', 'Sul-Americana', 'Sulamericana', 'Copa Sul-Americana', 'Copa Sulamericana', 'Sula', 'goles sudamericana', 'gols sul-americana', 'gols sulamericana', 'melhores momentos sul-americana', 'highlights sudamericana', 'melhores momentos sulamericana']",17
pZ1NdE69VTs,ROSEÃÅ - number one girl (official music video),33031156,1685281,,106580,2024-11-22T05:00:06Z,"['YG Entertainment', 'YG', 'ÏôÄÏù¥ÏßÄ', 'K-pop', 'BLACKPINK', 'Î∏îÎûôÌïëÌÅ¨', 'Î∏îÌïë', 'Î°úÏ†ú', 'Ros√©', 'BLINK', 'Î∏îÎßÅÌÅ¨', 'ros√©', 'number one girl rose', 'rose number one girl', 'rosie', 'rosie number one girl', 'number one girl rosie', 'number one girl music video', 'rosie number one girl music video', 'rose number one girl music video', 'ros√© number one girl', 'number one girl ros√©', 'number one girl', 'number one girl video', 'rose album', 'rosie album', 'ros√© album']",10
o5hWEa1w6Z8,Three Days Grace - Mayday (Official Video),1025274,66072,,5669,2024-11-22T15:00:06Z,"['Three Days Grace music', 'Three Days Grace songs', 'Animal Have Become', 'Pain Three Days Grace', 'Hate Everything About You', 'Alternative rock', 'Hard rock', 'TDG', 'Three Days Grace live', 'One-X', 'Life Starts Now', 'Transit of Venus', 'Human', 'Outsider', 'Breaking Benjamin', 'Shinedown', 'Seether', 'Nickelback', 'Disturbed', 'Evanescence', 'Red Sun Rising', 'mayday three days grace', 'mayday 3dg', 'new 3dg music', 'new three days grace music', 'three days grace 2024', 'new 3dg 2024', 'Mayday', 'Three Days Grace']",10
RN5maxRpI_s,Nitrous vs Supercharger | HiLow,1208375,46662,,2486,2024-11-22T16:00:20Z,"['donut', 'donut media', 'cars', 'james pumphrey', 'up to speed', 'moneypit']",2
GO7YG8BTrtw,Uzi & Pomni Are Forced To Run The Marketing Department,3381271,229976,,8659,2024-11-22T20:00:08Z,"['glitch', 'glitch productions', 'digital circus', 'the amazing digital circus', 'murder drones', 'Pomni', 'Uzi', 'Jax', 'Ragatha', 'Kinger', 'Gangle', 'Zooble', 'Caine', 'Bubble', '3D', 'Animation', '3D Animation', 'Indie Animation', 'Gummigoo']",1
sI2TE_hYFYQ,Nadie- Tito Double P (Video Oficial),4996255,136331,,4338,2024-11-22T00:00:06Z,[],10
Ut4c-GTABwc,Oliver Anthony - Country Roads,614956,40467,,2383,2024-11-22T21:45:13Z,[],10
PHTHdVK3JXM,Saoirse Ronan Joins Brittany Broski's Royal Court,700821,53680,,1838,2024-11-22T18:00:14Z,['#brittanybroski #broski #royalcourt'],22
2h3R-Rqdl9w,An UNREAL Thing HAS Happened to MY CHANNEL- An OVERNIGHT Miracle!!,2093377,561875,,54460,2024-11-21T22:54:42Z,"['Fishing', 'Miracles', 'Fish', 'Bass Fishing', 'Crappie Fishing', 'Thank You', 'Blegill Fishing']",17
EQsYfiPR9uM,[#2024MAMA] BIGBANG (ÎπÖÎ±Ö) - Î±ÖÎ±ÖÎ±Ö (BANG BANG BANG) + FANTASTIC BABY | Mnet 241123 Î∞©ÏÜ°,11741244,402814,,15429,2024-11-23T09:13:52Z,"['2024MAMA', '2024MAMAAWARDS', 'BANGBANGBANG', 'BIGBANG', 'CJ100', 'DAESUNG', 'FANTASTICBABY', 'GDRAGON', 'MAMAAWARDS', 'TAEYANG', 'ÎåÄÏÑ±', 'Î±ÖÎ±ÖÎ±Ö', 'ÎπÖÎ±Ö', 'ÏßÄÎìúÎûòÍ≥§', 'ÌÉúÏñë', 'Ìã∞ÎπôÏóêÏÑúÏä§Ìä∏Î¶¨Î∞ç']",24
6vPhcRew8hA,Maluma - Cosas Pendientes (Official Video),8754281,228496,,7232,2024-11-22T00:00:07Z,"['Maluma 2024', 'Maluma letra', 'Maluma lyrics', 'Maluma official video', 'Maluma video oficial', 'Maluma CP', 'Maluma Cosas Pendientes', 'Cosas Pendientes letra', 'Cosas Pendientes lyrics', 'Cosas Pendientes video oficial', 'Cosas Pendientes official video', 'Urban Music', 'Musics Urbana Latina', 'Confident', 'Cosas Pendientes', 'Latin Urban', 'Maluma', 'Pop', 'Reggaeton']",10
aDF_ESN80r8,I Meet MrBeast To Break The Internet!!,45554664,4467944,,175619,2024-11-21T14:00:07Z,[],17
KNVRNDJp4zc,i LET My 16 SiBLiNGS NAME Our BABY!,997426,20499,,21038,2024-11-22T16:46:58Z,"['kass and josh', 'justkass', 'nen', 'couples channels', 'notenoughnelsonss', 'justparkers', 'justkass baby name', 'justkass baby', 'justparkers baby', '16 siblings', 'name our baby', 'our babys name', 'baby girl names', 'baby girl middle names', 'my siblings name our baby', 'justkass pregnant', 'justkass sephora', 'sephora', 'pregnancy', 'pregnant', 'pregnancy vlog', 'baby names', 'nen fam', 'notenoughnelsons', 'not enough nelsons', 'hopescope', 'jordan matter', 'salish', 'salish matter']",24
jmUTOc4jUc4,New Update - Town Hall 17 in Clash of Clans!,1771024,65488,,3255,2024-11-22T13:00:49Z,"['clash of clans', 'coc', 'clash of clans gameplay', 'clash of clans attacks', 'judo sloth', 'town hall 17', 'th17', 'town hall 17 gameplay', 'th17 gameplay', 'clash of clans update', 'coc update', 'new update', 'coc th17', 'clash of clans town hall 17', 'th17 update', 'town hall 17 update', 'clash of clans th17', 'november update', 'sneak peek 1', 'update sneak peek', 'town hall 17 defense', 'town hall 17 weapon', 'th17 weapon', 'th17 attack', 'town hall 17 attack', 'th17 info', 'th17 defense']",20
fsovddV6weQ,Qualifying Highlights | 2024 Las Vegas Grand Prix,4470589,93904,,3910,2024-11-23T07:54:05Z,"['F1', 'Formula One', 'Formula 1', 'Sports', 'Sport', 'Action', 'GP', 'Grand Prix', 'Auto Racing', 'Motor Racing', 'lvgp', 'las vegas', 'usa', 'the strip', 'george russell', 'franco colapinto', 'pierre gasly', 'sergio perez']",17
nexo-xnbZoI,Minecraft AURA: THE MOVIE,947231,28608,,5177,2024-11-22T16:00:44Z,[],22
USClb04AQvQ,‚ÄòWicked‚Äô Cast Play Never Have I Ever,582987,19908,,450,2024-11-22T13:00:03Z,"['ariana grande', 'ariana grande and cynthia erivo', 'ariana grande and cynthia erivo crying', 'ariana grande and cynthia erivo interview', 'ariana grande and cynthia erivo lie detector', 'ariana grande and cynthia erivo singing', 'ariana grande wicked', 'british vogue', 'cynthia erivo', 'cynthia erivo wicked', 'jonathan bailey', 'jonathan bailey wicked', 'vogue', 'vogue challenges', 'wicked', 'wicked cast', 'wicked cast interview', 'wicked film', 'wicked interview', 'wicked movie', 'wicked part 1']",24
IStXAoX8ijk,"The BFB Da Packman ""On The Radar"" Freestyle (PART 3)",307129,15986,,654,2024-11-21T23:30:05Z,"['on the radar', 'off the radar', 'on the radar radio', 'freestyle', 'live performance', 'on the radar freestyle', 'off the radar freestyle', 'otr freestyle']",10
dgGqD28J6aQ,"[#2024MAMA] ROS√â (Î°úÏ†ú), Bruno Mars - APT. | Mnet 241122 Î∞©ÏÜ°",13117390,539795,,13478,2024-11-22T13:02:02Z,"['2024MAMA', '2024MAMAAWARDS', 'APT', 'Bruno Mars', 'CJ100', 'MAMAAWARDS', 'ROS√â', 'Î°úÏ†ú', 'Î∏åÎ£®ÎÖ∏ÎßàÏä§', 'ÏïÑÌååÌä∏', 'Ìã∞ÎπôÏóêÏÑúÏä§Ìä∏Î¶¨Î∞ç']",24
XCz7WUotXs8,Twenty One Pilots - The Line (from Arcane Season 2) [Official Audio],1535016,114913,,6227,2024-11-22T05:05:25Z,"['twenty one pilots', 'twenty one pilots official', 'arcane', 'arcane season 2', 'arcane soundtrack', 'arcane netflix', 'twenty one pilots arcane', '21 pilots', 'league of legends', 'riot games', 'arcane riot', 'gaming', 'gaming soundtrack', 'clancy', 'overcompensate', 'heathens', 'twenty one pilots netflix', 'stressed out', 'new twenty one pilots', 'twenty one pilots lyrics', 'the line lyrics', 'arcane lyrics', 'arcane series', 'arcane music', 'viktor', 'arcane viktor', 'arcane victor', 'line official video']",10
OBfCeimLNvQ,Nicki Minaj - Arctic Tundra (Visualizer) ft. Juice WRLD,574403,53885,,6130,2024-11-22T05:11:46Z,"['Nicki Minaj', 'Juice WRLD', 'Nicki Minaj/Cash Money', 'Hip Hop']",10
4hN5iDe8lNA,The Party Never Ends (Official Album Trailer),1894597,151973,,14591,2024-11-21T20:17:40Z,"['JuiceWRLD', 'juiceworld', 'juice world', 'juice wrld', '999']",10
b2T3ywJ_y-8,Lackadaisy Spaghetti Noodle - EPISODE PREVIEW,361982,66565,,2393,2024-11-22T19:00:19Z,[],24
Wzg7dPNl7d0,A.I. Conspiracy Investigation,742087,32667,,2875,2024-11-21T21:04:36Z,"['Shane', 'Dawson', 'conspiracy', 'theories', 'journalism', 'investigative journalism', 'docuseries', 'documentary', 'mandela', 'effects', 'disneyland']",23
1KPpK28xJB0,"Grupo Frontera, Oscar Maydon - ¬øQu√© Te Parece? (Video Oficial)",1870081,51996,,880,2024-11-22T00:00:07Z,[],10
y_-tlwYgGi8,"Kane Brown, Katelyn Brown - Body Talk (Official Music Video)",418510,17082,,518,2024-11-22T05:00:47Z,"['kane brown new album', 'kane brown new music', 'take the high road', 'family music', 'country music about family', 'kane brown the high road', 'high road', 'kb high road', 'kb the high road', 'kb new music', 'kb new album', 'new country music', 'new music friday', 'country playlist', 'thank god kb', 'kane brown thank god', 'kane brown wife', 'kane brown wife collab', 'kane brown wife song', 'country music videos', 'country hits', 'kane brown album', 'the high road', 'Body Talk', 'Kane Brown Katelyn Brown']",10
9JzDFNEpPnk,LA MAYBACH - Neutro Shorty x Yandel x Eladio Carri√≥n x Myke Towers (VIDEO OFICIAL),2310521,109865,,7886,2024-11-22T01:00:06Z,"['#LAMaybach', '#NeutroShorty', '#Yandel', '#EladioCarrion', '#MykeTowers', '#Reggaeton2024', '#TrapLatino', '#MusicaUrbana', '#NuevoLanzamiento', '#LatinHits', '#UrbanMusic', '#ReggaetonLovers', '#Trap2024', '#YandelForever', '#MykeTowersFans', '#NeutroShortyMusic', '#EladioCarrionVibes', '#LatinTrap', '#ReggaetonAddicts', '#LatinMusic', '#MusicaNueva', '#HitsDelMomento', '#PuertoRicoVibes', '#ViralMusic', '#UrbanLatino', '#MusicTrends']",10
TY1lWh20VSw,The Bad Guys 2 | Official Trailer,11757632,116272,,7015,2024-11-21T15:57:37Z,[],24
RZhHI8SnmG8,"Ela Taubert, Joe Jonas - ¬øC√≥mo Pas√≥? (Con Joe Jonas) (Official Video)",3158262,137968,,4637,2024-11-21T22:00:29Z,"['Ela Taubert', 'Joe Jonas', 'Ela Taubert Joe Jonas', 'C√≥mo Pas√≥', 'C√≥mo Pas√≥ ela taubert', 'ela taubert C√≥mo Pas√≥', 'yo primero', 'nueva cancion ela taubert', 'ela taubert nueva cancion', 'letra C√≥mo Pas√≥', 'que hubiera pasado', 'si eras tu', 'crecer', 'quien dijo que era facil', 'dime si hay algo', 'los rotos', 'donde esta el amor', 'baladas', 'pop', 'universal music', 'latin', 'latin pop', 'pop latino', 'como paso', 'morat', 'faltas tu', 'morat faltas tu', 'latin mafia', 'humbe', 'premios juventud ela', 'premios juventud']",10
Q86_nlRoIGw,Jack Harlow - Hello Miss Johnson [Official Music Video],3260129,93544,,2781,2024-11-21T17:00:06Z,"['jack harlow', 'jack rapper', 'harlow rapper', 'private garden', 'jack Harlow confetti', 'new jack Harlow', 'Louisville rapper', 'rapper from Louisville', 'Kentucky rapper', 'white rapper', 'jack harlow what‚Äôs popping', 'jack harlow what‚Äôs poppin', 'jack harlow whats popping', 'jack harlow whats poppin', 'whats poppin song', 'confetti mixtape', 'sweet action', 'sweet action ep', 'tyler herro', 'whats poppin', 'lovin on me', 'hello miss johnson', 'vanilla baby', 'new jack harlow', 'im vanilla baby', 'whip your lovin']",10
fLi0EJfi_vg,G-DRAGON - HOME SWEET HOME (Official Audio) (feat. TAEYANG & DAESUNG),5794763,271575,,22807,2024-11-22T05:00:11Z,[],22
hn4WDWxbDZM,"Golden Epic Trailer ‚Äî ""Amphoreus' Saga of Heroes"" | Honkai: Star Rail",978575,78564,,3253,2024-11-22T12:00:53Z,[],20
1oKDz0UTDRA,Hazard | New Hero Gameplay Trailer | Overwatch 2,716078,27364,,3351,2024-11-22T14:12:24Z,"['Overwatch 2', 'Overwatch']",20
ZEbqlvqBLg0,Brooks & Dunn ft. Jelly Roll ‚Äì ‚ÄúBelieve‚Äù | Live at CMA Awards 2024,1418863,,,1366,2024-11-21T03:23:24Z,"['CMA', 'Country Music Association', 'Country Music', 'Country', 'Music', 'CMA Country Music Association', 'CMA Fest', 'CMA Awards', 'Brooks & Dunn', 'Jelly Roll', 'Believe']",10
z7VvfDou-Rc,BossMan Dlow - The Biggest Pt. 2 (Official Video),361266,17366,,847,2024-11-21T21:00:46Z,['#bossmandlow'],10
rwhGmVf4x2w,CHIVAS 1-2 ATLAS PLAY IN | Dram√°tica remontada rojinegra,1689831,10445,,1760,2024-11-22T04:08:58Z,"['LIGA BBVA MX', 'LIGA MX', 'FUTBOL MEXICANO', 'GOLES LIGA MX', 'RESUMEN LIGA MX', 'AMERICA', 'CHIVAS', 'CRUZ AZUL', 'PUMAS', 'TIGRES', 'TOLUCA', 'ATLAS', 'PUEBLA', 'SANTOS', 'PACHUCA', 'CANAL LIGA MX', 'RAYADOS', 'JUAREZ', 'MAZATLAN', 'LEON', 'QUERETARO', 'NECAXA', 'MIKEL ARRIOLA', 'SAN LUIS', 'XOLOS']",17
4aKrB7s43Yw,"Honkai: Star Rail Version 2.7 ""A New Venture on the Eighth Dawn"" Special Program",832272,49508,,1168,2024-11-22T12:21:06Z,[],24
G6sgPHGANkE,???,662346,45610,,8792,2024-11-22T06:00:06Z,[],22
